filename,width,height,xmin,ymin,xmax,ymax,class
892hw.bmp,1164,620,0.2313,0.4729,0.6948,0.9307,NSCLC
892hw.bmp,1164,620,0.5488,0.0301,0.7332,0.4729,NSCLC
87hw.bmp,1164,620,0.3107,0.1837,0.6458,0.7259,NSCLC
852hw.bmp,1164,620,0.4959,0.4398,0.5352,0.5166,SCLC
852hw.bmp,1164,620,0.4823,0.619,0.5168,0.6943,SCLC
852hw.bmp,1164,620,0.3372,0.0979,0.3957,0.1687,SCLC
852hw.bmp,1164,620,0.5576,0.1491,0.6082,0.2154,SCLC
850hw.bmp,1164,620,0.253,0.8268,0.3283,0.9398,NSCLC
850hw.bmp,1164,620,0.4005,0.0482,0.5625,0.5934,NSCLC
850hw.bmp,1164,620,0.2129,0.1536,0.2898,0.3148,NSCLC
833hw.bmp,1164,620,0.4037,0.3765,0.532,0.7259,NSCLC
815hw.bmp,1221,676,0.5497,0.6642,0.6848,0.8479,SCLC
815hw.bmp,1221,676,0.2563,0.2922,0.4797,0.8072,SCLC
7hw.bmp,855,450,0.1311,0.0979,0.6445,0.8373,NSCLC
786hw.bmp,1164,620,0.3275,0.1175,0.4831,0.5196,NSCLC
786hw.bmp,1164,620,0.4903,0.5979,0.7076,0.9322,NSCLC
784hw.bmp,1164,620,0.3644,0.3569,0.6186,0.6943,NSCLC
779hw.bmp,1164,620,0.8311,0.2907,0.9778,0.6521,NSCLC
779hw.bmp,1164,620,0.0686,0.6506,0.1976,0.878,NSCLC
760hw.bmp,1293,676,0.0256,0.7048,0.1516,0.8961,NSCLC
744hw.bmp,1164,620,0.2858,0.1175,0.5023,0.6145,NSCLC
725hw.bmp,1221,676,0.3855,0.3991,0.784,0.5723,SCLC
718hw.bmp,1221,676,0.8753,0.2937,0.9903,0.5256,SCLC
718hw.bmp,1221,676,0.4568,0.5482,0.5768,0.7229,SCLC
718hw.bmp,1221,676,0.1901,0.7274,0.2517,0.8313,SCLC
718hw.bmp,1221,676,0.8252,0.1581,0.8836,0.2666,SCLC
718hw.bmp,1221,676,0.8461,0.5467,0.9986,0.8072,SCLC
718hw.bmp,1221,676,0.4618,0.0497,0.5135,0.122,SCLC
718hw.bmp,1221,676,0.2859,0.4458,0.4301,0.616,SCLC
718hw.bmp,1221,676,0.4351,0.8223,0.501,0.9262,SCLC
718hw.bmp,1221,676,0.6794,0.0904,0.7244,0.1596,SCLC
718hw.bmp,1221,676,0.6644,0.7048,0.7561,0.8373,SCLC
718hw.bmp,1221,676,0.4451,0.2651,0.5535,0.4789,SCLC
701hw.bmp,1164,620,0.3901,0.6792,0.4839,0.8599,NSCLC
699hw.bmp,1164,620,0.4286,0.4458,0.5617,0.6732,SCLC
680hw.bmp,1221,676,0.6806,0.5497,0.8007,0.8178,SCLC
680hw.bmp,1221,676,0.2247,0.1657,0.4547,0.4684,SCLC
680hw.bmp,1221,676,0.5314,0.5693,0.5898,0.6642,SCLC
680hw.bmp,1221,676,0.0263,0.6596,0.2797,0.8795,SCLC
666hw.bmp,1164,620,0.3724,0.5572,0.556,0.869,NSCLC
664hw.bmp,1164,620,0.3853,0.0587,0.6924,0.4759,NSCLC
659hw.bmp,1221,676,0.1855,0.2048,0.5306,0.8389,SCLC
659hw.bmp,1221,676,0.6189,0.4413,0.9524,0.9548,SCLC
659hw.bmp,1221,676,0.5681,0.0075,0.6614,0.2726,SCLC
640hw.bmp,1164,620,0.3003,0.247,0.4839,0.616,AC
638hw.bmp,1293,676,0.1846,0.3087,0.2681,0.4292,NSCLC
638hw.bmp,1293,676,0.8153,0.4684,0.883,0.5843,NSCLC
638hw.bmp,1293,676,0.383,0.7967,0.4673,0.9096,NSCLC
623hw.bmp,1221,676,0.5906,0.3464,0.6389,0.4533,SCLC
623hw.bmp,1221,676,0.293,0.5708,0.398,0.7063,SCLC
623hw.bmp,1221,676,0.4789,0.4262,0.6389,0.6521,SCLC
621hw.bmp,1221,676,0.0829,0.2063,0.218,0.4503,SCLC
621hw.bmp,1221,676,0.6014,0.256,0.7481,0.5211,SCLC
621hw.bmp,1221,676,0.3097,0.2801,0.383,0.4247,SCLC
621hw.bmp,1221,676,0.323,0.0648,0.3847,0.1988,SCLC
621hw.bmp,1221,676,0.6498,0.5331,0.7698,0.869,SCLC
621hw.bmp,1221,676,0.2572,0.5783,0.3564,0.8569,SCLC
621hw.bmp,1221,676,0.8307,0.2771,0.9149,0.4142,SCLC
61hw.bmp,1221,676,0.5756,0.378,0.7231,0.6401,AC
61hw.bmp,1221,676,0.5998,0.6883,0.739,0.9428,AC
605hw.bmp,1293,676,0.0555,0.2952,0.1287,0.4383,AC
605hw.bmp,1293,676,0.2216,0.3584,0.3216,0.5377,AC
605hw.bmp,1293,676,0.5311,0.381,0.7161,0.6958,AC
5hw.bmp,1164,620,0.8094,0.0964,0.9209,0.2816,NSCLC
5hw.bmp,1164,620,0.3388,0.5226,0.5071,0.8855,NSCLC
5hw.bmp,1164,620,0.0886,0.0377,0.2113,0.2139,NSCLC
5hw.bmp,1164,620,0.1487,0.4834,0.3805,0.8042,NSCLC
5hw.bmp,1164,620,0.7846,0.4307,0.8583,0.5316,NSCLC
5hw.bmp,1164,620,0.01,0.5045,0.1239,0.756,NSCLC
5hw.bmp,1164,620,0.5031,0.506,0.7421,0.8163,NSCLC
5hw.bmp,1164,620,0.4254,0.0045,0.5224,0.1054,NSCLC
5hw.bmp,1164,620,0.4991,0.0889,0.6964,0.4925,NSCLC
598hw.bmp,1164,620,0.2931,0.2425,0.5344,0.8298,NSCLC
598hw.bmp,1164,620,0.7974,0.2425,0.8712,0.4096,NSCLC
581hw.bmp,1221,676,0.1871,0.4232,0.4214,0.616,SCLC
581hw.bmp,1221,676,0.5489,0.6506,0.7106,0.8328,SCLC
581hw.bmp,1221,676,0.4464,0.3524,0.5406,0.5256,SCLC
581hw.bmp,1221,676,0.263,0.6837,0.393,0.9262,SCLC
581hw.bmp,1221,676,0.2388,0.0542,0.3339,0.2274,SCLC
567hw.bmp,1164,620,0.4117,0.1205,0.6972,0.8268,NSCLC
565hw.bmp,1164,620,0.0084,0.0136,0.9577,0.872,SCC
558hw.bmp,1293,676,0.3555,0.4593,0.4712,0.6627,AC
541hw.bmp,1293,676,0.4476,0.378,0.5193,0.5331,NSCLC
539hw.bmp,1221,676,0.5131,0.2139,0.6781,0.5151,NSCLC
539hw.bmp,1221,676,0.2222,0.5602,0.3422,0.8735,NSCLC
522hw.bmp,1164,620,0.3123,0.2922,0.5472,0.6988,NSCLC
520hw.bmp,1293,676,0.3744,0.2892,0.4547,0.4307,NSCLC
487hw.bmp,1221,676,0.373,0.5286,0.5456,0.8479,SCLC
487hw.bmp,1221,676,0.7598,0.1521,0.9874,0.4759,SCLC
487hw.bmp,1221,676,0.7548,0.762,0.884,0.9488,SCLC
487hw.bmp,1221,676,0.1155,0.7651,0.2788,0.9367,SCLC
487hw.bmp,1221,676,0.0479,0.0015,0.2096,0.1205,SCLC
487hw.bmp,1221,676,0.0721,0.1491,0.258,0.5346,SCLC
485hw.bmp,1164,620,0.702,0.3961,0.8327,0.6581,SCLC
485hw.bmp,1164,620,0.3909,0.4849,0.7236,0.9398,SCLC
47hw.bmp,1221,676,0.5723,0.2816,0.6823,0.4428,SCLC
47hw.bmp,1221,676,0.7615,0.4789,0.854,0.6898,SCLC
47hw.bmp,1221,676,0.188,0.2877,0.3238,0.4804,SCLC
47hw.bmp,1221,676,0.2488,0.0271,0.3313,0.1822,SCLC
478hw.bmp,1164,620,0.3011,0.4172,0.4719,0.6325,NSCLC
461hw.bmp,1293,676,0.3681,0.259,0.561,0.5136,NSCLC
445hw.bmp,1221,676,0.4039,0.1536,0.6798,0.5753,NSCLC
424hw.bmp,1164,620,0.0782,0.6145,0.3989,0.9307,NSCLC
424hw.bmp,1164,620,0.3364,0.0452,0.8744,0.5708,NSCLC
419hw.bmp,1221,676,0.8023,0.6476,0.9415,0.8855,SCLC
419hw.bmp,1221,676,0.2322,0.0331,0.3113,0.1551,SCLC
419hw.bmp,1221,676,0.7315,0.2681,0.9065,0.5557,SCLC
419hw.bmp,1221,676,0.3739,0.7319,0.5406,0.9548,SCLC
419hw.bmp,1221,676,0.1296,0.3148,0.193,0.4096,SCLC
419hw.bmp,1221,676,0.3347,0.0136,0.5481,0.3614,SCLC
419hw.bmp,1221,676,0.2188,0.6702,0.2697,0.75,SCLC
419hw.bmp,1221,676,0.2513,0.4292,0.3572,0.5377,SCLC
395hw.bmp,1293,676,0.3492,0.4096,0.4374,0.6506,AC
371hw.bmp,1221,676,0.3205,0.7304,0.4189,0.9307,SCLC
371hw.bmp,1221,676,0.0563,0.4623,0.1221,0.5768,SCLC
371hw.bmp,1221,676,0.1888,0.1822,0.2905,0.5075,SCLC
371hw.bmp,1221,676,0.4247,0.2274,0.5848,0.5527,SCLC
371hw.bmp,1221,676,0.8173,0.5557,0.9099,0.6852,SCLC
371hw.bmp,1221,676,0.5773,0.634,0.6906,0.7982,SCLC
368hw.bmp,1164,620,0.1624,0.5196,0.3115,0.8027,NSCLC
368hw.bmp,1164,620,0.7701,0.384,0.9305,0.637,NSCLC
355hw.bmp,1164,620,0.3869,0.2169,0.5649,0.4864,NSCLC
334hw.bmp,1164,620,0.2762,0.0964,0.5352,0.6657,NSCLC
312hw.bmp,1293,676,0.3319,0.3117,0.4807,0.5843,AC
310hw.bmp,1221,676,0.6598,0.003,0.7923,0.1687,SCLC
310hw.bmp,1221,676,0.5989,0.5361,0.7823,0.7063,SCLC
310hw.bmp,1221,676,0.0221,0.4759,0.0754,0.628,SCLC
310hw.bmp,1221,676,0.0429,0.0105,0.1138,0.1687,SCLC
310hw.bmp,1221,676,0.3138,0.2651,0.4147,0.4623,SCLC
310hw.bmp,1221,676,0.1488,0.4955,0.268,0.6807,SCLC
309hw.bmp,1164,620,0.2971,0.2997,0.4935,0.7003,NSCLC
3058hw.bmp,1221,676,0.7873,0.6943,0.9024,0.9096,NSCLC
3058hw.bmp,1221,676,0.2505,0.5587,0.5548,0.8961,NSCLC
3058hw.bmp,1221,676,0.0088,0.5934,0.218,0.8961,NSCLC
3058hw.bmp,1221,676,0.5314,0.1807,0.6956,0.5407,NSCLC
3043hw.bmp,1221,676,0.0371,0.0587,0.4706,0.4006,SCLC
3043hw.bmp,1221,676,0.4289,0.259,0.6656,0.9142,SCLC
3022hw.bmp,1221,676,0.4556,0.5331,0.6306,0.7892,SCLC
3022hw.bmp,1221,676,0.0454,0.7741,0.1571,0.9413,SCLC
3022hw.bmp,1221,676,0.0379,0.122,0.1046,0.2334,SCLC
3006hw.bmp,1221,676,0.6564,0.5075,0.769,0.7018,SCLC
3006hw.bmp,1221,676,0.398,0.0015,0.4864,0.116,SCLC
3006hw.bmp,1221,676,0.6865,0.2108,0.7565,0.3087,SCLC
3006hw.bmp,1221,676,0.5472,0.5392,0.6231,0.6898,SCLC
3006hw.bmp,1221,676,0.2797,0.2952,0.3805,0.5482,SCLC
2998hw.bmp,1221,676,0.5089,0.0663,0.6498,0.2982,SCLC
2998hw.bmp,1221,676,0.3172,0.2078,0.4906,0.4819,SCLC
2998hw.bmp,1221,676,0.333,0.6551,0.4931,0.9142,SCLC
2981hw.bmp,1221,676,0.6398,0.8404,0.7315,0.9398,SCLC
2981hw.bmp,1221,676,0.2955,0.1657,0.4631,0.3524,SCLC
2981hw.bmp,1221,676,0.5873,0.6837,0.6731,0.8554,SCLC
2965hw.bmp,1221,676,0.2313,0.7199,0.3497,0.9307,SCLC
2965hw.bmp,1221,676,0.293,0.5512,0.3897,0.6898,SCLC
2965hw.bmp,1221,676,0.1221,0.3178,0.2805,0.5045,SCLC
2965hw.bmp,1221,676,0.7782,0.6943,0.8465,0.8419,SCLC
2965hw.bmp,1221,676,0.4714,0.2982,0.5522,0.3675,SCLC
2965hw.bmp,1221,676,0.714,0.25,0.8507,0.5,SCLC
2965hw.bmp,1221,676,0.1513,0.0015,0.2655,0.134,SCLC
2958hw.bmp,1221,676,0.669,0.384,0.7431,0.4925,SCLC
2958hw.bmp,1221,676,0.4222,0.4744,0.6581,0.6536,SCLC
2943hw.bmp,1221,676,0.133,0.1672,0.2713,0.3509,SCLC
2943hw.bmp,1221,676,0.6539,0.0843,0.7656,0.1943,SCLC
2943hw.bmp,1221,676,0.6823,0.8027,0.7782,0.9322,SCLC
2941hw.bmp,1221,676,0.4497,0.4337,0.5939,0.6928,NSCLC
2941hw.bmp,1221,676,0.1296,0.5693,0.2497,0.7018,NSCLC
2939hw.bmp,1164,620,0.3211,0.1627,0.6234,0.6702,AC
2920hw.bmp,1164,620,0.3668,0.369,0.5031,0.5633,NSCLC
2906hw.bmp,1164,620,0.2947,0.3479,0.4398,0.5949,NSCLC
2885hw.bmp,1164,620,0.1904,0.0166,0.4582,0.637,NSCLC
2885hw.bmp,1164,620,0.5296,0.6145,0.7244,0.9533,NSCLC
2878hw.bmp,1164,620,0.538,0.2892,0.6879,0.509,NSCLC
2861hw.bmp,1164,620,0.3099,0.3645,0.4823,0.6611,NSCLC
2845hw.bmp,1221,676,0.7415,0.6536,0.8482,0.8825,NSCLC
2845hw.bmp,1221,676,0.1096,0.0015,0.3213,0.4985,SCLC
2845hw.bmp,1221,676,0.5006,0.2169,0.7306,0.5226,SCLC
2845hw.bmp,1221,676,0.4906,0.6506,0.689,0.9383,SCLC
2824hw.bmp,1221,676,0.4656,0.4021,0.6765,0.6898,NSCLC
2819hw.bmp,1221,676,0.1046,0.1521,0.5147,0.9292,SCC
2819hw.bmp,1221,676,0.4664,0.0407,0.9665,0.6792,SCC
2800hw.bmp,1221,676,0.3364,0.3148,0.6056,0.7108,AC
2793hw.bmp,1221,676,0.6815,0.5,0.7715,0.6114,NSCLC
2793hw.bmp,1221,676,0.5381,0.2771,0.6431,0.4413,NSCLC
2788hw.bmp,1221,676,0.4089,0.2952,0.6723,0.9262,SCC
2788hw.bmp,1221,676,0.163,0.506,0.2788,0.6386,SCC
2777hw.bmp,1221,676,0.0504,0.1461,0.328,0.9458,NSCLC
2777hw.bmp,1221,676,0.403,0.0708,0.5164,0.2184,NSCLC
2777hw.bmp,1221,676,0.754,0.009,0.984,0.7681,NSCLC
2775hw.bmp,1221,676,0.4997,0.2922,0.8115,0.8419,NSCLC
275hw.bmp,1293,676,0.461,0.1627,0.5452,0.3283,NSCLC
275hw.bmp,1293,676,0.3901,0.7937,0.4641,0.9021,NSCLC
2753hw.bmp,1221,676,0.158,0.2259,0.4506,0.7801,NSCLC
2732hw.bmp,1221,676,0.318,0.2636,0.5981,0.8419,SCC
2730hw.bmp,1221,676,0.178,0.387,0.3522,0.6581,NSCLC
2730hw.bmp,1221,676,0.5397,0.0527,0.6181,0.1521,NSCLC
2716hw.bmp,1221,676,0.4064,0.5075,0.7281,0.9428,NSCLC
2716hw.bmp,1221,676,0.4347,0.0738,0.6973,0.4714,NSCLC
2716hw.bmp,1221,676,0.2046,0.0723,0.3405,0.4036,NSCLC
2697hw.bmp,1221,676,0.1463,0.009,0.2388,0.1521,SCC
2697hw.bmp,1221,676,0.1321,0.1687,0.3789,0.7259,SCC
2697hw.bmp,1221,676,0.4656,0.006,0.5564,0.1175,SCC
2695hw.bmp,1221,676,0.2363,0.2395,0.4447,0.6461,NSCLC
2673hw.bmp,1221,676,0.734,0.628,0.8348,0.8117,SCLC
2673hw.bmp,1221,676,0.4005,0.3042,0.6581,0.7575,SCLC
2673hw.bmp,1221,676,0.0646,0.4518,0.2305,0.6145,SCLC
2673hw.bmp,1221,676,0.0613,0.6461,0.128,0.744,SCLC
2668hw.bmp,1221,676,0.2472,0.3449,0.6473,0.7395,NSCLC
2657hw.bmp,1221,676,0.5764,0.4111,0.7073,0.5858,AC
2657hw.bmp,1221,676,0.3922,0.0407,0.6698,0.4533,AC
2655hw.bmp,1221,676,0.1971,0.2967,0.3288,0.7696,SCC
2655hw.bmp,1221,676,0.0579,0.0889,0.2455,0.2545,SCC
2636hw.bmp,1221,676,0.2788,0.2154,0.5714,0.6958,NSCLC
2612hw.bmp,1221,676,0.1671,0.3946,0.2947,0.5512,NSCLC
2610hw.bmp,1221,676,0.6156,0.1386,0.794,0.4849,NSCLC
2596hw.bmp,1221,676,0.7315,0.0015,0.8765,0.1446,AC
2596hw.bmp,1221,676,0.288,0.4895,0.5181,0.9081,AC
2596hw.bmp,1221,676,0.3055,0.0301,0.5064,0.3705,AC
2594hw.bmp,1221,676,0.7757,0.4337,0.9882,0.7123,NSCLC
2594hw.bmp,1221,676,0.3297,0.3765,0.5139,0.7937,NSCLC
2594hw.bmp,1221,676,0.5247,0.0407,0.6539,0.2319,NSCLC
2572hw.bmp,1221,676,0.258,0.5377,0.5214,0.9232,NSCLC
2572hw.bmp,1221,676,0.6806,0.4187,0.8723,0.6536,NSCLC
2569hw.bmp,1221,676,0.5406,0.0738,0.7323,0.4548,NSCLC
2569hw.bmp,1221,676,0.4522,0.6687,0.5556,0.9006,NSCLC
2556hw.bmp,1221,676,0.6098,0.25,0.9224,0.5617,NSCLC
2556hw.bmp,1221,676,0.368,0.1536,0.4789,0.3328,NSCLC
2556hw.bmp,1221,676,0.5731,0.0241,0.7631,0.241,NSCLC
2556hw.bmp,1221,676,0.0929,0.3238,0.258,0.7937,NSCLC
2537hw.bmp,1221,676,0.5548,0.3027,0.799,0.6732,NSCLC
2537hw.bmp,1221,676,0.8557,0.2997,0.9749,0.5994,NSCLC
2537hw.bmp,1221,676,0.0529,0.2771,0.3088,0.6898,NSCLC
251hw.bmp,1164,620,0.2915,0.1551,0.7076,0.8916,SCLC
24hw.bmp,1293,676,0.3775,0.3479,0.5216,0.6325,NSCLC
2492hw.bmp,1221,676,0.5164,0.1702,0.6073,0.3946,NSCLC
2492hw.bmp,1221,676,0.8115,0.7244,0.8657,0.8569,NSCLC
2492hw.bmp,1221,676,0.2905,0.5105,0.5047,0.7982,NSCLC
2492hw.bmp,1221,676,0.2263,0.0286,0.3497,0.2395,NSCLC
2492hw.bmp,1221,676,0.9024,0.0738,0.9907,0.2018,NSCLC
2492hw.bmp,1221,676,0.5639,0.6476,0.6339,0.7831,NSCLC
248hw.bmp,1221,676,0.4064,0.5783,0.6623,0.9473,SCLC
248hw.bmp,1221,676,0.3063,0.0467,0.5239,0.3223,SCLC
2489hw.bmp,1221,676,0.7448,0.3298,0.8257,0.4804,NSCLC
2489hw.bmp,1221,676,0.2805,0.2861,0.4556,0.5964,NSCLC
2489hw.bmp,1221,676,0.4706,0.0663,0.5481,0.2334,NSCLC
2489hw.bmp,1221,676,0.4389,0.6461,0.5681,0.8494,NSCLC
2476hw.bmp,1221,676,0.2288,0.0377,0.5689,0.9187,NSCLC
2474hw.bmp,1221,676,0.7515,0.2786,0.9132,0.628,NSCLC
2474hw.bmp,1221,676,0.6156,0.003,0.854,0.2214,NSCLC
2474hw.bmp,1221,676,0.5081,0.363,0.6339,0.5316,NSCLC
2474hw.bmp,1221,676,0.203,0.2997,0.4197,0.6446,NSCLC
2474hw.bmp,1221,676,0.5006,0.6521,0.6231,0.9262,NSCLC
2452hw.bmp,1221,676,0.1896,0.2756,0.4922,0.9428,NSCLC
2433hw.bmp,1221,676,0.4164,0.0798,0.7306,0.6024,NSCLC
2431hw.bmp,1221,676,0.4472,0.2485,0.6156,0.5422,NSCLC
2417hw.bmp,1221,676,0.5106,0.1401,0.7882,0.5873,NSCLC
2366hw.bmp,1221,676,0.8098,0.256,0.9049,0.3599,NSCLC
2366hw.bmp,1221,676,0.3547,0.3178,0.5147,0.6099,NSCLC
2359hw.bmp,1221,676,0.1205,0.1973,0.398,0.7605,NSCLC
2359hw.bmp,1221,676,0.4389,0.0542,0.7356,0.4187,NSCLC
2342hw.bmp,1221,676,0.4239,0.5783,0.5397,0.7636,NSCLC
2323hw.bmp,1221,676,0.4039,0.1536,0.6798,0.5753,NSCLC
230hw.bmp,1293,676,0.2862,0.7861,0.3311,0.8825,NSCLC
230hw.bmp,1293,676,0.4862,0.0256,0.5444,0.125,NSCLC
2307hw.bmp,1293,676,0.746,0.5602,0.8066,0.6898,NSCLC
2262hw.bmp,1221,676,0.3714,0.2304,0.6648,0.8916,NSCLC
2246hw.bmp,1221,676,0.0946,0.3102,0.2055,0.4639,SCC
2246hw.bmp,1221,676,0.4297,0.1069,0.5422,0.375,SCC
2244hw.bmp,1293,676,0.1894,0.2214,0.2626,0.3449,NSCLC
2244hw.bmp,1293,676,0.5925,0.741,0.6523,0.8931,NSCLC
2203hw.bmp,1145,676,0.485,0.4187,0.6334,0.6732,NSCLC
2201hw.bmp,1221,676,0.2347,0.369,0.3255,0.5256,NSCLC
2187hw.bmp,1293,676,0.8192,0.6717,0.9011,0.7816,NSCLC
2187hw.bmp,1293,676,0.4256,0.2199,0.572,0.503,NSCLC
2187hw.bmp,1293,676,0.1256,0.134,0.2681,0.4744,NSCLC
2178hw.bmp,1221,676,0.4547,0.6536,0.5256,0.7967,NSCLC
2178hw.bmp,1221,676,0.3847,0.1898,0.5222,0.4819,NSCLC
2163hw.bmp,1145,676,0.6486,0.0693,0.7783,0.2786,AC
2163hw.bmp,1145,676,0.1145,0.244,0.3535,0.6943,AC
214hw.bmp,1221,676,0.2555,0.5196,0.3589,0.8554,NSCLC
214hw.bmp,1221,676,0.4214,0.2756,0.6406,0.5723,NSCLC
2147hw.bmp,1145,676,0.2842,0.6039,0.4468,0.8901,NSCLC
2145hw.bmp,1221,676,0.3272,0.0858,0.7048,0.5166,NSCLC
2126hw.bmp,1221,676,0.3905,0.625,0.4656,0.7681,NSCLC
2102hw.bmp,1145,676,0.7276,0.2771,0.8698,0.5196,NSCLC
2102hw.bmp,1145,676,0.0087,0.3117,0.1332,0.5919,NSCLC
2100hw.bmp,1145,676,0.1447,0.1657,0.5321,0.7861,NSCLC
2067hw.bmp,1221,676,0.5439,0.5181,0.6339,0.6446,NSCLC
2058hw.bmp,1221,676,0.2021,0.3027,0.3455,0.6039,SCLC
2058hw.bmp,1221,676,0.4556,0.7425,0.5556,0.9006,SCLC
2058hw.bmp,1221,676,0.3889,0.1235,0.4464,0.256,SCLC
2022hw.bmp,1221,676,0.2963,0.4518,0.3672,0.5768,NSCLC
2022hw.bmp,1221,676,0.0646,0.7861,0.1513,0.9172,NSCLC
19hw.bmp,1164,620,0.4823,0.2801,0.605,0.4804,NSCLC
19hw.bmp,1164,620,0.1343,0.0286,0.5023,0.4217,NSCLC
19hw.bmp,1164,620,0.0245,0.488,0.1431,0.759,NSCLC
19hw.bmp,1164,620,0.4775,0.5557,0.5817,0.7229,NSCLC
19hw.bmp,1164,620,0.7709,0.6807,0.9858,0.9518,NSCLC
19hw.bmp,1164,620,0.5977,0.0301,0.714,0.2485,NSCLC
19hw.bmp,1164,620,0.2578,0.5166,0.4799,0.9127,NSCLC
19hw.bmp,1164,620,0.7493,0.2063,0.9361,0.6521,NSCLC
1997hw.bmp,1293,676,0.5437,0.4864,0.6704,0.753,SCLC
1973hw.bmp,1221,676,0.163,0.2123,0.5072,0.6988,NSCLC
1971hw.bmp,1221,676,0.3422,0.3223,0.4797,0.5196,SCLC
1971hw.bmp,1221,676,0.5481,0.0452,0.6173,0.1792,SCLC
1957hw.bmp,1221,676,0.5097,0.3163,0.5889,0.503,NSCLC
1936hw.bmp,1293,676,0.4311,0.0226,0.6224,0.2726,NSCLC
1936hw.bmp,1293,676,0.7082,0.6642,0.8397,0.9623,NSCLC
1936hw.bmp,1293,676,0.0894,0.003,0.1846,0.0979,NSCLC
1934hw.bmp,1221,676,0.5648,0.6958,0.6898,0.8614,NSCLC
1912hw.bmp,1145,676,0.1705,0.0904,0.2433,0.1913,NSCLC
189hw.bmp,1293,676,0.4594,0.637,0.5067,0.7274,NSCLC
1893hw.bmp,1221,676,0.263,0.253,0.3372,0.4142,NSCLC
1891hw.bmp,1164,620,0.1968,0.7877,0.2586,0.9337,SCLC
1891hw.bmp,1164,620,0.3508,0.2846,0.3989,0.3599,SCLC
1891hw.bmp,1164,620,0.9177,0.3223,0.9682,0.4051,SCLC
1891hw.bmp,1164,620,0.4061,0.0361,0.4678,0.2154,SCLC
1877hw.bmp,1221,676,0.0688,0.1355,0.4547,0.8991,NSCLC
1877hw.bmp,1221,676,0.9007,0.5617,0.9824,0.7093,NSCLC
1877hw.bmp,1221,676,0.6473,0.3343,0.8665,0.6687,NSCLC
1853hw.bmp,1145,676,0.1527,0.1084,0.3446,0.3961,AC
1853hw.bmp,1145,676,0.8956,0.5211,0.9987,0.7139,AC
1832hw.bmp,1145,676,0.2158,0.2289,0.3882,0.5151,NSCLC
1829hw.bmp,1221,676,0.318,0.2349,0.5831,0.7801,NSCLC
1816hw.bmp,1221,676,0.1363,0.137,0.4189,0.6521,NSCLC
1785hw.bmp,1164,620,0.087,0.2485,0.1712,0.4157,SCLC
1785hw.bmp,1164,620,0.3588,0.6069,0.4061,0.7108,SCLC
1778hw.bmp,1221,676,0.0821,0.1867,0.3055,0.5813,NSCLC
1778hw.bmp,1221,676,0.7531,0.2274,0.9582,0.5904,NSCLC
1761hw.bmp,1221,676,0.4997,0.2033,0.6106,0.3886,NSCLC
174hw.bmp,1221,676,0.6489,0.1295,0.7615,0.3117,NSCLC
174hw.bmp,1221,676,0.6048,0.3313,0.809,0.6386,NSCLC
1747hw.bmp,1221,676,0.439,0.0843,0.6843,0.5858,SCC
1745hw.bmp,1145,676,0.5241,0.1611,0.6885,0.3735,NSCLC
1724hw.bmp,1221,676,0.2488,0.2274,0.3464,0.372,NSCLC
1724hw.bmp,1221,676,0.3047,0.5542,0.5322,0.9292,NSCLC
1702hw.bmp,1145,676,0.3171,0.4593,0.5419,0.8268,AC
1700hw.bmp,1164,620,0.2618,0.6325,0.3075,0.7289,SCLC
1700hw.bmp,1164,620,0.3556,0.5105,0.5873,0.8163,SCLC
1698hw.bmp,1221,676,0.238,0.2937,0.398,0.6175,NSCLC
1681hw.bmp,1221,676,0.5414,0.4352,0.724,0.7229,NSCLC
1665hw.bmp,1221,676,0.4997,0.4247,0.6381,0.6521,AC
1641hw.bmp,1221,676,0.4239,0.2922,0.6673,0.6627,NSCLC
1639hw.bmp,1293,676,0.757,0.4367,0.8263,0.5678,NSCLC
1639hw.bmp,1293,676,0.472,0.5648,0.5319,0.6958,NSCLC
1639hw.bmp,1293,676,0.0657,0.0889,0.1697,0.2515,NSCLC
1639hw.bmp,1293,676,0.1035,0.4834,0.1634,0.5889,NSCLC
1620hw.bmp,1293,676,0.413,0.2575,0.5696,0.5753,NSCLC
1599hw.bmp,1145,676,0.6557,0.5075,0.7303,0.6009,NSCLC
1599hw.bmp,1145,676,0.2336,0.0211,0.6903,0.4729,NSCLC
1580hw.bmp,1221,676,0.1263,0.7922,0.2105,0.9352,NSCLC
1580hw.bmp,1221,676,0.7598,0.4819,0.9932,0.7515,NSCLC
1580hw.bmp,1221,676,0.5681,0.5979,0.6815,0.8539,NSCLC
1580hw.bmp,1221,676,0.0121,0.1988,0.2263,0.5482,NSCLC
1566hw.bmp,1221,676,0.338,0.238,0.5256,0.4789,SCC
1566hw.bmp,1221,676,0.2322,0.5015,0.5389,0.9081,SCC
1564hw.bmp,1293,676,0.1657,0.1039,0.3279,0.5075,AC
1559hw.bmp,1293,676,0.2208,0.1973,0.4933,0.5587,NSCLC
1540hw.bmp,1221,676,0.5339,0.3404,0.7165,0.6506,NSCLC
1538hw.bmp,1293,676,0.3248,0.7696,0.4075,0.9111,NSCLC
1538hw.bmp,1293,676,0.4641,0.0783,0.583,0.2349,NSCLC
1521hw.bmp,1145,676,0.3553,0.5452,0.4957,0.753,NSCLC
150hw.bmp,1221,676,0.3555,0.0422,0.7673,0.9127,NSCLC
1505hw.bmp,1221,676,0.2322,0.0181,0.4906,0.378,NSCLC
1505hw.bmp,1221,676,0.5081,0.0181,0.8557,0.6521,NSCLC
1484hw.bmp,1293,676,0.028,0.5557,0.1193,0.7063,SCLC
1479hw.bmp,1221,676,0.4264,0.3614,0.5848,0.6205,AC
1446hw.bmp,1221,676,0.4939,0.2605,0.6381,0.5346,AC
1446hw.bmp,1221,676,0.0779,0.0617,0.3188,0.5437,AC
1446hw.bmp,1221,676,0.7106,0.6069,0.8415,0.863,AC
1444hw.bmp,1293,676,0.2311,0.7982,0.2964,0.9172,NSCLC
1425hw.bmp,1221,676,0.4776,0.0437,0.6827,0.4864,NSCLC
1425hw.bmp,1221,676,0.2359,0.5663,0.8152,0.9789,NSCLC
1418hw.bmp,1145,676,0.6564,0.5075,0.769,0.7018,SCLC
1418hw.bmp,1145,676,0.398,0.0015,0.4864,0.116,SCLC
1418hw.bmp,1145,676,0.6865,0.2108,0.7565,0.3087,SCLC
1418hw.bmp,1145,676,0.5472,0.5392,0.6231,0.6898,SCLC
1418hw.bmp,1145,676,0.2797,0.2952,0.3805,0.5482,SCLC
1403hw.bmp,1145,676,0.0932,0.0151,0.3544,0.4383,AC
1401hw.bmp,1221,676,0.2038,0.1958,0.6489,0.8253,NSCLC
1396hw.bmp,1164,620,0.439,0.0843,0.6843,0.5858,SCC
1394hw.bmp,1221,676,0.2113,0.3328,0.6489,0.878,NSCLC
1370hw.bmp,1221,676,0.2397,0.3389,0.3238,0.4684,SCLC
1370hw.bmp,1221,676,0.5531,0.4307,0.6214,0.5256,SCLC
1370hw.bmp,1221,676,0.0013,0.5181,0.0913,0.7244,SCLC
1370hw.bmp,1221,676,0.6398,0.3298,0.7665,0.7756,SCLC
1370hw.bmp,1221,676,0.2063,0.4895,0.3322,0.8163,SCLC
1369hw.bmp,1145,676,0.2122,0.5843,0.3127,0.741,AC
1369hw.bmp,1145,676,0.3153,0.116,0.6166,0.613,AC
1354hw.bmp,1293,676,0.561,0.7877,0.6523,0.9232,NSCLC
1354hw.bmp,1293,676,0.0831,0.2425,0.3334,0.5934,NSCLC
133hw.bmp,1164,620,0.544,0.5813,0.6635,0.8102,SCLC
1311hw.bmp,1221,676,0.3155,0.6431,0.5431,0.8027,AC
1311hw.bmp,1221,676,0.2305,0.3343,0.4205,0.625,AC
1308hw.bmp,1145,676,0.402,0.0527,0.5415,0.2967,SCLC
1290hw.bmp,1221,676,0.1155,0.6777,0.2105,0.8389,AC
1290hw.bmp,1221,676,0.3914,0.2831,0.7773,0.9352,AC
1290hw.bmp,1221,676,0.3172,0.5813,0.4122,0.7666,AC
128hw.bmp,1221,676,0.0054,0.0497,0.0954,0.2575,SCLC
128hw.bmp,1221,676,0.4972,0.3645,0.8432,0.8208,SCLC
128hw.bmp,1221,676,0.143,0.0889,0.4314,0.366,SCLC
1289hw.bmp,1221,676,0.173,0.1401,0.5864,0.8117,SCC
1274hw.bmp,1221,676,0.8974,0.5648,0.9815,0.7229,NSCLC
1274hw.bmp,1221,676,0.4931,0.5738,0.7673,0.8886,NSCLC
1274hw.bmp,1221,676,0.2855,0.0105,0.739,0.5798,NSCLC
1249hw.bmp,1221,676,0.5764,0.3434,0.6756,0.4744,NSCLC
1233hw.bmp,1145,676,0.2567,0.6431,0.3198,0.744,NSCLC
1231hw.bmp,1221,676,0.3197,0.0587,0.5864,0.5723,NSCLC
1231hw.bmp,1221,676,0.1488,0.5196,0.4689,0.9337,NSCLC
1231hw.bmp,1221,676,0.1096,0.3253,0.2063,0.4247,NSCLC
1215hw.bmp,1145,676,0.0505,0.491,0.142,0.6235,NSCLC
1215hw.bmp,1145,676,0.5819,0.0136,0.6912,0.0934,NSCLC
1191hw.bmp,1221,676,0.8048,0.0256,0.9674,0.3012,NSCLC
1191hw.bmp,1221,676,0.0404,0.7877,0.148,0.9337,NSCLC
1191hw.bmp,1221,676,0.393,0.5693,0.674,0.9518,NSCLC
1191hw.bmp,1221,676,0.5864,0.1928,0.8698,0.5889,NSCLC
1188hw.bmp,1293,676,0.3547,0.0633,0.6232,0.8901,NSCLC
1177hw.bmp,1145,676,0.4593,0.2967,0.5855,0.4834,NSCLC
1177hw.bmp,1145,676,0.31,0.4142,0.4184,0.5753,NSCLC
115hw.bmp,1221,676,0.1054,0.6702,0.208,0.8238,SCLC
115hw.bmp,1221,676,0.293,0.3148,0.4564,0.7274,SCLC
1151hw.bmp,1145,676,0.3233,0.009,0.3917,0.1627,NSCLC
1132hw.bmp,1221,676,0.0738,0.1657,0.183,0.3253,NSCLC
1132hw.bmp,1221,676,0.5648,0.6958,0.6898,0.8614,NSCLC
1129hw.bmp,1164,620,0.346,0.2229,0.6442,0.747,NSCLC
1114hw.bmp,1145,676,0.3295,0.3705,0.4886,0.628,SCLC
1097hw.bmp,1293,676,0.4939,0.2605,0.6381,0.5346,AC
1097hw.bmp,1293,676,0.0779,0.0617,0.3188,0.5437,AC
1097hw.bmp,1293,676,0.7106,0.6069,0.8415,0.863,AC
1095hw.bmp,1221,676,0.2188,0.2485,0.8498,0.8855,NSCLC
1071hw.bmp,1145,676,0.3731,0.625,0.5259,0.875,SCLC
1068hw.bmp,1164,620,0.3508,0.6205,0.3893,0.7078,SCLC
1068hw.bmp,1164,620,0.6747,0.4413,0.7316,0.497,SCLC
1068hw.bmp,1164,620,0.2682,0.3178,0.3059,0.3855,SCLC
1068hw.bmp,1164,620,0.5047,0.5873,0.544,0.6581,SCLC
1068hw.bmp,1164,620,0.1102,0.1566,0.1936,0.2334,SCLC
1055hw.bmp,1164,620,0.3829,0.6401,0.5969,0.9021,NSCLC
1055hw.bmp,1164,620,0.6779,0.2967,0.8303,0.5181,NSCLC
1055hw.bmp,1164,620,0.1752,0.2214,0.3997,0.6777,NSCLC
1009hw.bmp,1221,676,0.4355,0.4232,0.5981,0.6777,SCLC
1009hw.bmp,1221,676,0.223,0.5934,0.3597,0.7033,SCLC
1009hw.bmp,1221,676,0.1421,0.2636,0.2038,0.3645,SCLC
